<?xml version="1.0" encoding="ISO-8859-1"?>
<aiml version="2.0">
    <!-- std-startup.xml -->
    <!-- Category is an atomic AIML unit -->
    <category>
        <!-- Pattern to match in user input -->
        <!-- If user enters "LOAD AIML B" -->
        <pattern>LOAD AIML</pattern>

        <!-- Template is the response to the pattern -->
        <!-- This learn an aiml file -->
        <template>
            <learn>aimls/uverse_availability.aiml</learn>
            <learn>aimls/timesheet.aiml</learn>
            <learn>aimls/trainenquirylive.aiml</learn>
			<learn>aimls/train_enquiry.aiml</learn>
            <!--<learn>aimls/reduce.aiml</learn>
            <learn>aimls/bio.aiml</learn>
            <learn>BA-chat.aiml</learn>
            <learn>std-65percent.aiml</learn>
            <learn>std-robot.aiml</learn>-->
        </template>
        
    </category>

</aiml>